<?xml version="1.0" encoding="UTF-8"?>
<!--
Source files which are viewable by a customer when the product is installed

Licensed Materials - Property of IBM

IBM SPSS Products: Analytics Toolkit

© Copyright IBM Corp. 2014

US Government Users Restricted Rights - Use, duplication or disclosure restricted by GSA ADP Schedule Contract with IBM Corp.
-->

<operatorModel xmlns:xsi="http://www.w3.org/2001/XMLSchema-instance" xmlns="http://www.ibm.com/xmlns/prod/streams/spl/operator" xmlns:cmn="http://www.ibm.com/xmlns/prod/streams/spl/common" xsi:schemaLocation="http://www.ibm.com/xmlns/prod/streams/spl/operator operatorModel.xsd">
  <cppOperatorModel>
    <context>
      <description>SPSS Analytics toolkit generic operator providing integration with SPSS Modeler Solution Publisher</description>
      <iconUri size="16">score_sm.gif</iconUri>
      <iconUri size="32">score_lg.gif</iconUri>
      <customOutputFunctions>
        <customOutputFunction>
          <name>SPOutputs</name>
          <function>
            <description>Default method returning arguments from input tuple as listed on output port.</description>
            <prototype>&lt;any T> T fromInput()</prototype>
          </function>
          <function>
            <description>Return the argument from the model output buffer</description>
            <prototype>&lt;any T> T fromModel(rstring)</prototype>
          </function>
          <function>
            <description>Return the argument from the model output buffer if it doesn't exist set default value provided</description>
            <prototype>&lt;any T> T fromModel(rstring, T)</prototype>
          </function>
        </customOutputFunction>
      </customOutputFunctions>
      <libraryDependencies>
        <library>
          <cmn:description>SPSS Modeler Solution Publisher libraries</cmn:description>
          <cmn:managedLibrary>
            <cmn:libPath>@CLEMRUNTIME@</cmn:libPath>
            <cmn:includePath>@CLEMRUNTIME@/clemrtl/include</cmn:includePath>
          </cmn:managedLibrary>
        </library>
      </libraryDependencies>
      <providesSingleThreadedContext>Always</providesSingleThreadedContext>
      <allowCustomLogic>true</allowCustomLogic>
      <codeTemplates>
        <codeTemplate name="NoRefreshPort">
          <description>The operator has only 1 data scoring port but no model-refresh port.</description>
          <template>
						stream&lt;${schema}> ${outputStream} = com.ibm.spss.streams.analytics::SPSSScoring(${dataScoringInputStream})
						{
							param
								pimfile: &quot;${pimFileName}&quot;;
								parfile: &quot;${parFileName}&quot;;
								xmlfile: &quot;${xmlFileName}&quot;;
								modelFields: ${input_field_list_of_data_scoring_model};
								streamAttributes: ${conversion_expression_from_Streams_input_to_model_input};
								scoreOnWindowPunc: &quot;${score_on_window_punc}&quot;;
								
							output
								${outputStream}:
									${streamsOutputField1}	= fromModel($&quot;modelOutputField1&quot;),
									${streamsOutputField2}	= fromModel($&quot;modelOutputField2&quot;),
									${streamsOutputField3}	= fromModel($&quot;modelOutputField3&quot;);
						}
					</template>
        </codeTemplate>
        <codeTemplate name="WithRefreshPort">
          <description>The operator has 1 data-scoring port and 1 model-refresh port.</description>
          <template>
						stream&lt;${schema}> ${outputStream} = com.ibm.spss.streams.analytics::SPSSScoring(${dataScoringInputStream};${modelRefreshInputStream})
						{
							param
								pimfile: &quot;${pimFileName}&quot;;
								parfile: &quot;${parFileName}&quot;;
								xmlfile: &quot;${xmlFileName}&quot;;
								modelFields: ${input_field_list_of_data_scoring_model};
								streamAttributes: ${conversion_expression_from_Streams_input_to_model_input};
								scoreOnWindowPunc: &quot;${score_on_window_punc}&quot;;
								
							output
								${outputStream}:
									${streamsOutputField1}	= fromModel($&quot;modelOutputField1&quot;),
									${streamsOutputField2}	= fromModel($&quot;modelOutputField2&quot;),
									${streamsOutputField3}	= fromModel($&quot;modelOutputField3&quot;);
						}
					</template>
        </codeTemplate>
      </codeTemplates>
      <splExpressionTree param="true"/>
    </context>
    <parameters>
      <description></description>
      <allowAny>false</allowAny>
      <parameter>
        <name>pimfile</name>
        <description>Specifies the path of the executable image file to be prepared for scoring in SPSS Modeler Solution Publisher</description>
        <optional>false</optional>
        <rewriteAllowed>true</rewriteAllowed>
        <expressionMode>AttributeFree</expressionMode>
        <type>rstring</type>
        <cardinality>1</cardinality>
      </parameter>
      <parameter>
        <name>parfile</name>
        <description>Specifies the path of the execution parameters file to be prepared for scoring in SPSS Modeler Solution Publisher</description>
        <optional>false</optional>
        <rewriteAllowed>true</rewriteAllowed>
        <expressionMode>AttributeFree</expressionMode>
        <type>rstring</type>
        <cardinality>1</cardinality>
      </parameter>
      <parameter>
        <name>xmlfile</name>
        <description>Specifies the path of the execution description XML file to be used by this operator to validate configuration settings</description>
        <optional>false</optional>
        <rewriteAllowed>true</rewriteAllowed>
        <expressionMode>AttributeFree</expressionMode>
        <type>rstring</type>
        <cardinality>1</cardinality>
      </parameter>
      <parameter>
        <name>modelFields</name>
        <description>An ordered list of the names of the input fields required to execute this scoring branch (see XML file)</description>
        <optional>false</optional>
        <rewriteAllowed>false</rewriteAllowed>
        <expressionMode>Expression</expressionMode>
        <type>rstring</type>
        <cardinality>-1</cardinality>
      </parameter>
      <parameter>
        <name>streamAttributes</name>
        <description>A list of stream input attribute expressions to be mapped in order to each modelFields entry</description>
        <optional>false</optional>
        <rewriteAllowed>false</rewriteAllowed>
        <expressionMode>Expression</expressionMode>
        <cardinality>-1</cardinality>
      </parameter>
      <parameter>
        <name>scoreOnWindowPunc</name>
        <description>Set true to score transactions as demarcated by window punctuation, false is the default to score each input tuple</description>
        <optional>true</optional>
        <rewriteAllowed>false</rewriteAllowed>
        <expressionMode>Constant</expressionMode>
        <type>boolean</type>
        <cardinality>1</cardinality>
      </parameter>
      <parameter>
        <name>reduceMemoryUsage</name>
        <description>Set true to reduce the percentage of system memory reserved for Merge, Sort and Aggregate nodes in the scoring branch, override PAR file setting</description>
        <optional>true</optional>
        <rewriteAllowed>false</rewriteAllowed>
        <expressionMode>Constant</expressionMode>
        <type>boolean</type>
        <cardinality>1</cardinality>
      </parameter>
      <parameter>
        <name>maxTransactionOutput</name>
        <description>Set the max number of output tuples to suppress intermediate or non-predictive information when scoring is triggered by window punctuation for transaction or market basket flows</description>
        <optional>true</optional>
        <rewriteAllowed>false</rewriteAllowed>
        <expressionMode>Constant</expressionMode>
        <type>uint32</type>
        <cardinality>1</cardinality>
      </parameter>
      <parameter>
        <name>implicitNULL</name>
        <description>Set true to add tests for NAN and INF on numeric inputs and convert to NULL</description>
        <optional>true</optional>
        <rewriteAllowed>false</rewriteAllowed>
        <expressionMode>Constant</expressionMode>
        <type>boolean</type>
        <cardinality>1</cardinality>
      </parameter>
    </parameters>
    <inputPorts>
      <inputPortSet>
        <description>The input port for data to be scored</description>
        <tupleMutationAllowed>true</tupleMutationAllowed>
        <windowingMode>NonWindowed</windowingMode>
        <windowPunctuationInputMode>Oblivious</windowPunctuationInputMode>
        <cardinality>1</cardinality>
        <optional>false</optional>
      </inputPortSet>
      <inputPortSet>
        <description>The input port for model-refresh notification</description>
        <tupleMutationAllowed>false</tupleMutationAllowed>
        <windowingMode>NonWindowed</windowingMode>
        <windowPunctuationInputMode>Oblivious</windowPunctuationInputMode>
        <cardinality>1</cardinality>
        <optional>true</optional>
      </inputPortSet>
    </inputPorts>
    <outputPorts>
      <outputPortSet>
        <description>The output port for scoring results</description>
        <expressionMode>Expression</expressionMode>
        <autoAssignment>true</autoAssignment>
        <completeAssignment>false</completeAssignment>
        <rewriteAllowed>true</rewriteAllowed>
        <outputFunctions>
          <default>fromInput</default>
          <type>SPOutputs</type>
        </outputFunctions>
        <windowPunctuationOutputMode>Preserving</windowPunctuationOutputMode>
        <windowPunctuationInputPort>0</windowPunctuationInputPort>
        <tupleMutationAllowed>true</tupleMutationAllowed>
        <cardinality>1</cardinality>
        <optional>false</optional>
      </outputPortSet>
    </outputPorts>
  </cppOperatorModel>
</operatorModel>