<?xml version="1.0" encoding="UTF-8" standalone="no" ?>
<toolkitModel xmlns="http://www.ibm.com/xmlns/prod/streams/spl/toolkit" productVersion="4.0.0.0" xmlns:common="http://www.ibm.com/xmlns/prod/streams/spl/common" xmlns:ti="http://www.ibm.com/xmlns/prod/streams/spl/toolkitInfo" xmlns:xsi="http://www.w3.org/2001/XMLSchema-instance">
  <toolkit name="com.ibm.spss.streams.analytics" requiredProductVersion="4.0.0" version="4.0.0">
    <description/>
    <uriTable>
      <uri index="7" value="com.ibm.spss.streams.analytics/SPSSPublish/publish_sm.gif"/>
      <uri index="3" value="com.ibm.spss.streams.analytics/SPSSScoring/score_sm.gif"/>
      <uri index="4" value="com.ibm.spss.streams.analytics/SPSSScoring/score_lg.gif"/>
      <uri index="2" value="com.ibm.spss.streams.analytics/SPSSScoring"/>
      <uri index="5" value="com.ibm.spss.streams.analytics/SPSSPublish"/>
      <uri index="1" value="com.ibm.spss.streams.analytics/SPSSRepositoryAutoPublish.spl"/>
      <uri index="9" value="com.ibm.spss.streams.analytics/SPSSRepository/repo_lg.gif"/>
      <uri index="6" value="com.ibm.spss.streams.analytics/SPSSPublish/publish_lg.gif"/>
      <uri index="10" value="com.ibm.spss.streams.analytics/SPSSRepository/repo_sm.gif"/>
      <uri index="8" value="com.ibm.spss.streams.analytics/SPSSRepository"/>
    </uriTable>
    <namespace name="com.ibm.spss.streams.analytics">
      <primitiveOp language="Cpp" modelUriIndex="2" name="SPSSScoring" public="true">
        <description>SPSS Analytics toolkit generic operator providing integration with SPSS Modeler Solution Publisher</description>
        <images>
          <image size="16" uriIndex="3"/>
          <image size="32" uriIndex="4"/>
        </images>
        <outputFunctions name="SPOutputs">
          <function name="fromInput" returnType="T">
            <description>Default method returning arguments from input tuple as listed on output port.</description>
            <prototype>&lt;any T&gt; T fromInput()</prototype>
          </function>
          <function name="fromModel" returnType="T">
            <description>Return the argument from the model output buffer</description>
            <prototype>&lt;any T&gt; T fromModel(rstring)</prototype>
            <parameter name="__p1" type="rstring"/>
          </function>
          <function name="fromModel" returnType="T">
            <description>Return the argument from the model output buffer if it doesn't exist set default value provided</description>
            <prototype>&lt;any T&gt; T fromModel(rstring, T)</prototype>
            <parameter name="__p1" type="rstring"/>
            <parameter name="__p2" type="T"/>
          </function>
        </outputFunctions>
        <parameter cardinality="1" expressionMode="AttributeFree" name="pimfile" optional="false" type="rstring">
          <description>Specifies the path of the executable image file to be prepared for scoring in SPSS Modeler Solution Publisher</description>
        </parameter>
        <parameter cardinality="1" expressionMode="AttributeFree" name="parfile" optional="false" type="rstring">
          <description>Specifies the path of the execution parameters file to be prepared for scoring in SPSS Modeler Solution Publisher</description>
        </parameter>
        <parameter cardinality="1" expressionMode="AttributeFree" name="xmlfile" optional="false" type="rstring">
          <description>Specifies the path of the execution description XML file to be used by this operator to validate configuration settings</description>
        </parameter>
        <parameter cardinality="-1" expressionMode="Expression" name="modelFields" optional="false" type="rstring">
          <description>An ordered list of the names of the input fields required to execute this scoring branch (see XML file)</description>
        </parameter>
        <parameter cardinality="-1" expressionMode="Expression" name="streamAttributes" optional="false">
          <description>A list of stream input attribute expressions to be mapped in order to each modelFields entry</description>
        </parameter>
        <parameter cardinality="1" expressionMode="Constant" name="scoreOnWindowPunc" optional="true" type="boolean">
          <description>Set true to score transactions as demarcated by window punctuation, false is the default to score each input tuple</description>
        </parameter>
        <parameter cardinality="1" expressionMode="Constant" name="reduceMemoryUsage" optional="true" type="boolean">
          <description>Set true to reduce the percentage of system memory reserved for Merge, Sort and Aggregate nodes in the scoring branch, override PAR file setting</description>
        </parameter>
        <parameter cardinality="1" expressionMode="Constant" name="maxTransactionOutput" optional="true" type="uint32">
          <description>Set the max number of output tuples to suppress intermediate or non-predictive information when scoring is triggered by window punctuation for transaction or market basket flows</description>
        </parameter>
        <parameter cardinality="1" expressionMode="Constant" name="implicitNULL" optional="true" type="boolean">
          <description>Set true to add tests for NAN and INF on numeric inputs and convert to NULL</description>
        </parameter>
        <inputPort maxNumPorts="1" minNumPorts="1" optional="false" windowPunctInputMode="Oblivious">
          <description>The input port for data to be scored</description>
          <windowPolicy>NonWindowed</windowPolicy>
        </inputPort>
        <inputPort maxNumPorts="1" minNumPorts="1" optional="true" windowPunctInputMode="Oblivious">
          <description>The input port for model-refresh notification</description>
          <windowPolicy>NonWindowed</windowPolicy>
        </inputPort>
        <outputPort expressionMode="Expression" maxNumPorts="1" minNumPorts="1" optional="false" windowPunctOutputMode="Preserving">
          <description>The output port for scoring results</description>
        </outputPort>
        <codeTemplate name="NoRefreshPort" template="&#xA;&#x9;&#x9;&#x9;&#x9;&#x9;&#x9;stream&lt;${schema}> ${outputStream} = com.ibm.spss.streams.analytics::SPSSScoring(${dataScoringInputStream})&#xA;&#x9;&#x9;&#x9;&#x9;&#x9;&#x9;{&#xA;&#x9;&#x9;&#x9;&#x9;&#x9;&#x9;&#x9;param&#xA;&#x9;&#x9;&#x9;&#x9;&#x9;&#x9;&#x9;&#x9;pimfile: &quot;${pimFileName}&quot;;&#xA;&#x9;&#x9;&#x9;&#x9;&#x9;&#x9;&#x9;&#x9;parfile: &quot;${parFileName}&quot;;&#xA;&#x9;&#x9;&#x9;&#x9;&#x9;&#x9;&#x9;&#x9;xmlfile: &quot;${xmlFileName}&quot;;&#xA;&#x9;&#x9;&#x9;&#x9;&#x9;&#x9;&#x9;&#x9;modelFields: ${input_field_list_of_data_scoring_model};&#xA;&#x9;&#x9;&#x9;&#x9;&#x9;&#x9;&#x9;&#x9;streamAttributes: ${conversion_expression_from_Streams_input_to_model_input};&#xA;&#x9;&#x9;&#x9;&#x9;&#x9;&#x9;&#x9;&#x9;scoreOnWindowPunc: &quot;${score_on_window_punc}&quot;;&#xA;&#x9;&#x9;&#x9;&#x9;&#x9;&#x9;&#x9;&#x9;&#xA;&#x9;&#x9;&#x9;&#x9;&#x9;&#x9;&#x9;output&#xA;&#x9;&#x9;&#x9;&#x9;&#x9;&#x9;&#x9;&#x9;${outputStream}:&#xA;&#x9;&#x9;&#x9;&#x9;&#x9;&#x9;&#x9;&#x9;&#x9;${streamsOutputField1}&#x9;= fromModel($&quot;modelOutputField1&quot;),&#xA;&#x9;&#x9;&#x9;&#x9;&#x9;&#x9;&#x9;&#x9;&#x9;${streamsOutputField2}&#x9;= fromModel($&quot;modelOutputField2&quot;),&#xA;&#x9;&#x9;&#x9;&#x9;&#x9;&#x9;&#x9;&#x9;&#x9;${streamsOutputField3}&#x9;= fromModel($&quot;modelOutputField3&quot;);&#xA;&#x9;&#x9;&#x9;&#x9;&#x9;&#x9;}&#xA;&#x9;&#x9;&#x9;&#x9;&#x9;">
          <description>The operator has only 1 data scoring port but no model-refresh port.</description>
        </codeTemplate>
        <codeTemplate name="WithRefreshPort" template="&#xA;&#x9;&#x9;&#x9;&#x9;&#x9;&#x9;stream&lt;${schema}> ${outputStream} = com.ibm.spss.streams.analytics::SPSSScoring(${dataScoringInputStream};${modelRefreshInputStream})&#xA;&#x9;&#x9;&#x9;&#x9;&#x9;&#x9;{&#xA;&#x9;&#x9;&#x9;&#x9;&#x9;&#x9;&#x9;param&#xA;&#x9;&#x9;&#x9;&#x9;&#x9;&#x9;&#x9;&#x9;pimfile: &quot;${pimFileName}&quot;;&#xA;&#x9;&#x9;&#x9;&#x9;&#x9;&#x9;&#x9;&#x9;parfile: &quot;${parFileName}&quot;;&#xA;&#x9;&#x9;&#x9;&#x9;&#x9;&#x9;&#x9;&#x9;xmlfile: &quot;${xmlFileName}&quot;;&#xA;&#x9;&#x9;&#x9;&#x9;&#x9;&#x9;&#x9;&#x9;modelFields: ${input_field_list_of_data_scoring_model};&#xA;&#x9;&#x9;&#x9;&#x9;&#x9;&#x9;&#x9;&#x9;streamAttributes: ${conversion_expression_from_Streams_input_to_model_input};&#xA;&#x9;&#x9;&#x9;&#x9;&#x9;&#x9;&#x9;&#x9;scoreOnWindowPunc: &quot;${score_on_window_punc}&quot;;&#xA;&#x9;&#x9;&#x9;&#x9;&#x9;&#x9;&#x9;&#x9;&#xA;&#x9;&#x9;&#x9;&#x9;&#x9;&#x9;&#x9;output&#xA;&#x9;&#x9;&#x9;&#x9;&#x9;&#x9;&#x9;&#x9;${outputStream}:&#xA;&#x9;&#x9;&#x9;&#x9;&#x9;&#x9;&#x9;&#x9;&#x9;${streamsOutputField1}&#x9;= fromModel($&quot;modelOutputField1&quot;),&#xA;&#x9;&#x9;&#x9;&#x9;&#x9;&#x9;&#x9;&#x9;&#x9;${streamsOutputField2}&#x9;= fromModel($&quot;modelOutputField2&quot;),&#xA;&#x9;&#x9;&#x9;&#x9;&#x9;&#x9;&#x9;&#x9;&#x9;${streamsOutputField3}&#x9;= fromModel($&quot;modelOutputField3&quot;);&#xA;&#x9;&#x9;&#x9;&#x9;&#x9;&#x9;}&#xA;&#x9;&#x9;&#x9;&#x9;&#x9;">
          <description>The operator has 1 data-scoring port and 1 model-refresh port.</description>
        </codeTemplate>
      </primitiveOp>
      <primitiveOp language="Java" modelUriIndex="5" name="SPSSPublish" public="true">
        <description/>
        <images>
          <image size="32" uriIndex="6"/>
          <image size="16" uriIndex="7"/>
        </images>
        <parameter expressionMode="Constant" name="vmArg" optional="true" type="rstring">
          <description>Command line options passed to the Java Virtual Machine at startup</description>
        </parameter>
        <parameter cardinality="1" expressionMode="AttributeFree" name="cdsServer" optional="true" type="rstring">
          <description>Address of the Collaboration and Deployment Services server, required if scoring branch contains referenced objects</description>
        </parameter>
        <parameter cardinality="1" expressionMode="AttributeFree" name="targetPath" optional="true" type="rstring">
          <description sampleUri="">Path the generated execution image (PIM), execution parameters (PAR) and execution description (XML) files are to be written to</description>
        </parameter>
        <parameter cardinality="1" expressionMode="AttributeFree" name="solutionPublisherRootPath" optional="true" type="rstring">
          <description sampleUri="">Path to the root of the SPSS Modeler Solution Publisher install directory, if not set here this must be set using the CLEMRUNTIME environment variable</description>
        </parameter>
        <parameter cardinality="1" expressionMode="AttributeFree" name="userID" optional="true" type="rstring">
          <description>User ID to be used in Collaboration and Deployement Services connection, required if scoring branch contains referenced objects</description>
        </parameter>
        <parameter cardinality="1" expressionMode="AttributeFree" name="password" optional="true" type="rstring">
          <description>User password to be used in Collaboration and Deployement Services connection, required if scoring branch contains referenced objects</description>
        </parameter>
        <parameter cardinality="1" expressionMode="AttributeFree" name="terminalNodeID" optional="true" type="rstring">
          <description>ID of the terminal node that defines the scoring branch, required if the Modeler file has not been deployed with its scoring branch denoted in its meta data</description>
        </parameter>
        <parameter cardinality="1" expressionMode="AttributeFree" name="sourceFile" optional="false" type="rstring">
          <description>Fully qualified name for checking .str file that user wants to publish</description>
        </parameter>
        <parameter cardinality="1" expressionMode="AttributeFree" name="encodedPassword" optional="true" type="boolean">
          <description>Boolean to tell if password is encoded</description>
        </parameter>
        <parameter cardinality="1" expressionMode="AttributeFree" name="maxMemory" optional="true" type="uint32">
          <description>Maximum memory setting in megabytes for VM launched for publish action</description>
        </parameter>
        <inputPort maxNumPorts="1" minNumPorts="1" optional="false" windowPunctInputMode="Oblivious">
          <description>Input port where paths to Modeler files with a scoring branch to be published are communicated</description>
          <windowPolicy>NonWindowed</windowPolicy>
        </inputPort>
        <outputPort expressionMode="Nonexistent" maxNumPorts="1" minNumPorts="1" optional="false" windowPunctOutputMode="Free">
          <description>Output where submissions describing the files generated by the publish action are passed</description>
        </outputPort>
      </primitiveOp>
      <primitiveOp language="Java" modelUriIndex="8" name="SPSSRepository" public="true">
        <description/>
        <images>
          <image size="32" uriIndex="9"/>
          <image size="16" uriIndex="10"/>
        </images>
        <parameter expressionMode="Constant" name="vmArg" optional="true" type="rstring">
          <description>Command line options passed to the Java Virtual Machine at startup</description>
        </parameter>
        <parameter cardinality="1" expressionMode="AttributeFree" name="cdsServer" optional="false" type="rstring">
          <description>Address of the Collaboration and Deployment Services server</description>
        </parameter>
        <parameter cardinality="1" expressionMode="AttributeFree" name="targetFilePath" optional="false" type="rstring">
          <description>Target path for files downloaded by this operator from Collaboration and Deployment Services repository</description>
        </parameter>
        <parameter cardinality="1" expressionMode="AttributeFree" name="userID" optional="false" type="rstring">
          <description>User ID to be used in Collaboration and Deployement Services connection</description>
        </parameter>
        <parameter cardinality="1" expressionMode="AttributeFree" name="password" optional="false" type="rstring">
          <description>User password to be used in Collaboration and Deployement Services connection</description>
        </parameter>
        <parameter cardinality="1" expressionMode="AttributeFree" name="detectionPeriod" optional="true" type="int32">
          <description>Detection period in seconds determining how frequently this operator looks from notifications from the Collaboration and Deployment Services repository</description>
        </parameter>
        <parameter cardinality="1" expressionMode="AttributeFree" name="resourceURI" optional="false" type="rstring">
          <description>Resource URI as defined in Collaboration and Deployment Services repository</description>
        </parameter>
        <parameter cardinality="1" expressionMode="AttributeFree" name="versionLabelName" optional="true" type="rstring">
          <description>Label used to identify promoted resource versions to be monitored, if omitted any new version will trigger download</description>
        </parameter>
        <parameter cardinality="1" expressionMode="AttributeFree" name="encodedPassword" optional="true" type="boolean">
          <description>Boolean to tell if password is encoded</description>
        </parameter>
        <outputPort expressionMode="Nonexistent" maxNumPorts="1" minNumPorts="1" optional="false" windowPunctOutputMode="Free">
          <description>Output where submissions describing the files downloaded by this operator are passed</description>
        </outputPort>
      </primitiveOp>
      <compositeOp column="18" line="3" name="SPSSRepositoryAutoPublish" potentialMain="false" public="true" uriIndex="1">
        <parameter metaType="Expression" name="cdsServer" optional="false" type="&lt;rstring>"/>
        <parameter metaType="Expression" name="targetFilePath" optional="false" type="&lt;rstring>"/>
        <parameter metaType="Expression" name="userID" optional="false" type="&lt;rstring>"/>
        <parameter metaType="Expression" name="password" optional="false" type="&lt;rstring>"/>
        <parameter metaType="Expression" name="encodedPassword" optional="false" type="&lt;boolean>"/>
        <parameter metaType="Expression" name="resourceURI" optional="false" type="&lt;rstring>"/>
        <parameter metaType="Expression" name="versionLabelName" optional="false" type="&lt;rstring>"/>
        <parameter metaType="Expression" name="detectionPeriod" optional="false" type="&lt;int32>"/>
        <parameter metaType="Expression" name="terminalNodeID" optional="false" type="&lt;rstring>"/>
        <outputPort name="Output" portIndex="0"/>
        <type column="3" line="15" name="strStream" type="tuple&lt;rstring filePath>" uriIndex="1"/>
        <type column="3" line="16" name="outputStream" type="tuple&lt;rstring fileName>" uriIndex="1"/>
      </compositeOp>
    </namespace>
    <sabFiles>
      <ti:include path="toolkit.xml" root="toolkitDir"/>
      <ti:include path="impl/java/lib/**" root="toolkitDir"/>
      <ti:include path="impl/java/bin/**" root="toolkitDir"/>
      <ti:include path="impl/lib/**" root="toolkitDir"/>
      <ti:include path="impl/nl/*.dat" root="toolkitDir"/>
      <ti:include path="etc/**" root="toolkitDir"/>
      <ti:include path="lib/**" root="toolkitDir"/>
      <ti:include path="nl/**" root="toolkitDir"/>
      <ti:include path="opt/**" root="toolkitDir"/>
    </sabFiles>
  </toolkit>
</toolkitModel>
