<?xml version="1.0" encoding="UTF-8"?>
<!--
 IBM Confidential

 OCO Source Materials

 IBM SPSS Products: Analytics Toolkit

 (C) Copyright IBM Corp. 2012

 The source code for this program is not published or otherwise
 divested of its trade secrets, irrespective of what has been
 deposited with the U.S. Copyright Office.
-->
<info:toolkitInfoModel xmlns:common="http://www.ibm.com/xmlns/prod/streams/spl/common" xmlns:info="http://www.ibm.com/xmlns/prod/streams/spl/toolkitInfo">
  <info:identity>
    <info:name>SPSSPublish_SPSSScoring_example</info:name>
    <info:description>Sample demonstrating the SPL application containing SPSSPublish and SPSSScoring operators</info:description>
    <info:version>1.0.0</info:version>
    <info:requiredProductVersion>2.0.0</info:requiredProductVersion>
  </info:identity>
  <info:dependencies>
    <info:toolkit>
      <common:name>com.ibm.spss.streams.analytics</common:name>
      <common:version>1.0.0</common:version>
    </info:toolkit>
  </info:dependencies>
</info:toolkitInfoModel>