<?xml version="1.0" encoding="UTF-8"?>
<!--
Source files which are viewable by a customer when the product is installed

Licensed Materials - Property of IBM

IBM SPSS Products: Analytics Toolkit

© Copyright IBM Corp. 2014

US Government Users Restricted Rights - Use, duplication or disclosure restricted by GSA ADP Schedule Contract with IBM Corp.

-->
<operatorModel xmlns:xsi="http://www.w3.org/2001/XMLSchema-instance" xmlns="http://www.ibm.com/xmlns/prod/streams/spl/operator" xmlns:cmn="http://www.ibm.com/xmlns/prod/streams/spl/common" xsi:schemaLocation="http://www.ibm.com/xmlns/prod/streams/spl/operator operatorModel.xsd">
  <javaOperatorModel>
    <context>
      <description></description>
      <iconUri size="32">publish_lg.gif</iconUri>
      <iconUri size="16">publish_sm.gif</iconUri>
      <executionSettings>
        <className>com.ibm.spss.streams.analytics.publish.PublishOperator</className>
        <vmArgs/>
      </executionSettings>
      <libraryDependencies>
        <library>
          <cmn:description>SPSSAnalytics.jar</cmn:description>
          <cmn:managedLibrary>
            <cmn:libPath>../../impl/lib/SPSSAnalytics.jar</cmn:libPath>
          </cmn:managedLibrary>
        </library>
        <library>
          <cmn:description>PSAPILib</cmn:description>
          <cmn:managedLibrary>
            <cmn:command>../Common/SpssLibInfo.pl</cmn:command>
          </cmn:managedLibrary>
        </library>
      </libraryDependencies>
    </context>
    <parameters>
      <parameter>
        <name>cdsServer</name>
        <description>Address of the Collaboration and Deployment Services server, required if scoring branch contains referenced objects</description>
        <optional>true</optional>
        <type>rstring</type>
        <cardinality>1</cardinality>
      </parameter>
      <parameter>
        <name>targetPath</name>
        <description sampleUri="">Path the generated execution image (PIM), execution parameters (PAR) and execution description (XML) files are to be written to</description>
        <optional>true</optional>
        <type>rstring</type>
        <cardinality>1</cardinality>
      </parameter>
      <parameter>
        <name>solutionPublisherRootPath</name>
        <description sampleUri="">Path to the root of the SPSS Modeler Solution Publisher install directory, if not set here this must be set using the CLEMRUNTIME environment variable</description>
        <optional>true</optional>
        <type>rstring</type>
        <cardinality>1</cardinality>
      </parameter>
      <parameter>
        <name>userID</name>
        <description>User ID to be used in Collaboration and Deployement Services connection, required if scoring branch contains referenced objects</description>
        <optional>true</optional>
        <type>rstring</type>
        <cardinality>1</cardinality>
      </parameter>
      <parameter>
        <name>password</name>
        <description>User password to be used in Collaboration and Deployement Services connection, required if scoring branch contains referenced objects</description>
        <optional>true</optional>
        <type>rstring</type>
        <cardinality>1</cardinality>
      </parameter>
      <parameter>
        <name>terminalNodeID</name>
        <description>ID of the terminal node that defines the scoring branch, required if the Modeler file has not been deployed with its scoring branch denoted in its meta data</description>
        <optional>true</optional>
        <type>rstring</type>
        <cardinality>1</cardinality>
      </parameter>
      <parameter>
        <name>sourceFile</name>
        <description>Fully qualified name for checking .str file that user wants to publish</description>
        <optional>false</optional>
        <type>rstring</type>
        <cardinality>1</cardinality>
      </parameter>
      <parameter>
        <name>encodedPassword</name>
        <description>Boolean to tell if password is encoded</description>
        <optional>true</optional>
        <type>boolean</type>
        <cardinality>1</cardinality>
      </parameter>
      <parameter>
		<name>maxMemory</name>
		<description>Maximum memory setting in megabytes for VM launched for publish action</description>
		<optional>true</optional>
		<type>uint32</type>
		<cardinality>1</cardinality>
      </parameter>
    </parameters>
    <inputPorts>
      <inputPortSet>
        <description>Input port where paths to Modeler files with a scoring branch to be published are communicated</description>
        <windowingMode>NonWindowed</windowingMode>
        <windowPunctuationInputMode>Oblivious</windowPunctuationInputMode>
        <cardinality>1</cardinality>
        <optional>false</optional>
      </inputPortSet>
    </inputPorts>
    <outputPorts>
      <outputPortSet>
        <description>Output where submissions describing the files generated by the publish action are passed</description>
        <windowPunctuationOutputMode>Free</windowPunctuationOutputMode>
        <windowPunctuationInputPort>-1</windowPunctuationInputPort>
        <cardinality>1</cardinality>
        <optional>false</optional>
      </outputPortSet>
    </outputPorts>
  </javaOperatorModel>
</operatorModel>