<?xml version="1.0" encoding="UTF-8"?><metadata charset="UTF-8" date="Fri May 22 11:10:42 EDT 2015" version="1.0" xmlns:xsi="http://www.w3.org/2001/XMLSchema-instance" xsi:noNamespaceSchemaLocation="CSPMetadata.xsd">
<options>
<parameter>
<name>memory_usage</name>
<value>100</value>
</parameter>
<parameter>
<name>sql_generation</name>
<value>Y</value>
</parameter>
<parameter>
<name>sql_logging</name>
<value>N</value>
</parameter>
<parameter>
<name>sql_generation_logging</name>
<value>N</value>
</parameter>
<parameter>
<name>sql_log_native</name>
<value>N</value>
</parameter>
<parameter>
<name>sql_log_prettyprint</name>
<value>N</value>
</parameter>
<parameter>
<name>stream_rewriting</name>
<value>Y</value>
</parameter>
<parameter>
<name>stream_rewriting_maximise_sql</name>
<value>Y</value>
</parameter>
<parameter>
<name>stream_rewriting_optimise_clem_execution</name>
<value>Y</value>
</parameter>
<parameter>
<name>stream_rewriting_optimise_syntax_execution</name>
<value>Y</value>
</parameter>
<parameter>
<name>stream_rewriting_clem_expression</name>
<value>Y</value>
</parameter>
<parameter>
<name>sql_generic</name>
<value>N</value>
</parameter>
<parameter>
<name>datetime_as_string</name>
<value>Y</value>
</parameter>
<parameter>
<name>date_baseline</name>
<value>1900</value>
</parameter>
<parameter>
<name>date_2digit_baseline</name>
<value>1930</value>
</parameter>
<parameter>
<name>time_rollover</name>
<value>N</value>
</parameter>
<parameter>
<name>date_format</name>
<value>5</value>
</parameter>
<parameter>
<name>time_format</name>
<value>6</value>
</parameter>
<parameter>
<name>time_zone</name>
<value>100</value>
</parameter>
<parameter>
<name>timestamp_format</name>
<value>3</value>
</parameter>
<parameter>
<name>decimal_separator</name>
<value>.</value>
</parameter>
<parameter>
<name>angles_in_radians</name>
<value>Y</value>
</parameter>
<parameter>
<name>record_count_feedback_interval</name>
<value>1000</value>
</parameter>
<parameter>
<name>record_count_suppress_input</name>
<value>N</value>
</parameter>
<parameter>
<name>decimal_places</name>
<value>-1</value>
</parameter>
<parameter>
<name>display_decimal_places</name>
<value>-1</value>
</parameter>
<parameter>
<name>column_alignment</name>
<value>-1</value>
</parameter>
<parameter>
<name>column_width</name>
<value>-1</value>
</parameter>
<parameter>
<name>cache_compression</name>
<value>1</value>
</parameter>
<parameter>
<name>enable_parallelism</name>
<value>Y</value>
</parameter>
<parameter>
<name>database_caching</name>
<value>Y</value>
</parameter>
<parameter>
<name>use_relaxed_conversion</name>
<value>Y</value>
</parameter>
<parameter>
<name>shell</name>
<value>&lt;USER&gt;</value>
</parameter>
<parameter>
<name>time_ecode_execution</name>
<value>N</value>
</parameter>
<parameter>
<name>time_ecode_execution_log</name>
<value>N</value>
</parameter>
<parameter>
<name>use_bigint_for_count</name>
<value>N</value>
</parameter>
</options>
<databaseConnections/>
<inputDataSources>
<inputDataSource name="file0" type="Delimited">
<parameters>
<parameter>
<name>tag</name>
<value>id574QKQ8NL6E</value>
</parameter>
<parameter>
<name>name</name>
<value>userInput.dat</value>
</parameter>
<parameter>
<name>path</name>
<value/>
</parameter>
<parameter>
<name>field_names_included</name>
<value>N</value>
</parameter>
<parameter>
<name>field_separator</name>
<value>\t</value>
</parameter>
<parameter>
<name>decimal_separator</name>
<value>.</value>
</parameter>
</parameters>
<fields>
<field storage="string" type="discrete">
<name>sex</name>
</field>
<field storage="integer" type="range">
<name>income</name>
</field>
</fields>
</inputDataSource>
</inputDataSources>
<outputDataSources>
<outputDataSource name="file3" type="Delimited">
<parameters>
<parameter>
<name>tag</name>
<value>id32CPAJBGJFG</value>
</parameter>
<parameter>
<name>name</name>
<value>DummyOutput.csv</value>
</parameter>
<parameter>
<name>path</name>
<value/>
</parameter>
<parameter>
<name>field_names_included</name>
<value>N</value>
</parameter>
<parameter>
<name>field_separator</name>
<value>,</value>
</parameter>
<parameter>
<name>decimal_separator</name>
<value>.</value>
</parameter>
<parameter readOnly="true">
<name>writeMode</name>
<value>overwrite</value>
</parameter>
<parameter readOnly="true">
<name>newlineAfterRecord</name>
<value>true</value>
</parameter>
<parameter readOnly="true">
<name>quoteSymbolicValues</name>
<value>doubleQuotes</value>
</parameter>
<parameter readOnly="true">
<name>userQuoteMark</name>
<value/>
</parameter>
<parameter readOnly="true">
<name>fileEncoding</name>
<value>UTF-8</value>
</parameter>
</parameters>
<fields>
<field storage="string" type="discrete">
<name>sex</name>
</field>
<field storage="integer" storageSize="8" type="range">
<name>income</name>
</field>
<field storage="string" storageSize="1" type="flag">
<name>$C-beer_beans_pizza</name>
<flag>
<true>
<value>T</value>
</true>
<false>
<value>F</value>
</false>
</flag>
</field>
<field storage="real" type="range">
<name>$CC-beer_beans_pizza</name>
<range>
<min>
<value>0.0</value>
</min>
<max>
<value>1.0</value>
</max>
</range>
</field>
</fields>
</outputDataSource>
</outputDataSources>
</metadata>