<?xml version="1.0" encoding="UTF-8"?>
<!--
Source files which are viewable by a customer when the product is installed

Licensed Materials - Property of IBM

IBM SPSS Products: Analytics Toolkit

© Copyright IBM Corp. 2014

US Government Users Restricted Rights - Use, duplication or disclosure restricted by GSA ADP Schedule Contract with IBM Corp.

-->
<operatorModel xmlns:xsi="http://www.w3.org/2001/XMLSchema-instance" xmlns="http://www.ibm.com/xmlns/prod/streams/spl/operator" xmlns:cmn="http://www.ibm.com/xmlns/prod/streams/spl/common" xsi:schemaLocation="http://www.ibm.com/xmlns/prod/streams/spl/operator operatorModel.xsd">
  <javaOperatorModel>
    <context>
      <description></description>
      <iconUri size="32">repo_lg.gif</iconUri>
      <iconUri size="16">repo_sm.gif</iconUri>
      <executionSettings>
        <className>com.ibm.spss.streams.analytics.repository.SPSSRepositoryOperator</className>
        <vmArgs/>
      </executionSettings>
      <libraryDependencies>
        <library>
          <cmn:description>SPSSAnalytics.jar</cmn:description>
          <cmn:managedLibrary>
            <cmn:libPath>../../impl/lib/SPSSAnalytics.jar</cmn:libPath>
          </cmn:managedLibrary>
        </library>
        <library>
          <cmn:description sampleUri="">PSAPILib</cmn:description>
          <cmn:managedLibrary>
            <cmn:command>../Common/SpssLibInfo.pl</cmn:command>
          </cmn:managedLibrary>
        </library>
      </libraryDependencies>
    </context>
    <parameters>
      <parameter>
        <name>cdsServer</name>
        <description>Address of the Collaboration and Deployment Services server</description>
        <optional>false</optional>
        <type>rstring</type>
        <cardinality>1</cardinality>
      </parameter>
      <parameter>
        <name>targetFilePath</name>
        <description>Target path for files downloaded by this operator from Collaboration and Deployment Services repository</description>
        <optional>false</optional>
        <type>rstring</type>
        <cardinality>1</cardinality>
      </parameter>
      <parameter>
        <name>userID</name>
        <description>User ID to be used in Collaboration and Deployement Services connection</description>
        <optional>false</optional>
        <type>rstring</type>
        <cardinality>1</cardinality>
      </parameter>
      <parameter>
        <name>password</name>
        <description>User password to be used in Collaboration and Deployement Services connection</description>
        <optional>false</optional>
        <type>rstring</type>
        <cardinality>1</cardinality>
      </parameter>
      <parameter>
        <name>detectionPeriod</name>
        <description>Detection period in seconds determining how frequently this operator looks from notifications from the Collaboration and Deployment Services repository</description>
        <optional>true</optional>
        <type>int32</type>
        <cardinality>1</cardinality>
      </parameter>
      <parameter>
        <name>resourceURI</name>
        <description>Resource URI as defined in Collaboration and Deployment Services repository</description>
        <optional>false</optional>
        <type>rstring</type>
        <cardinality>1</cardinality>
      </parameter>
      <parameter>
        <name>versionLabelName</name>
        <description>Label used to identify promoted resource versions to be monitored, if omitted any new version will trigger download</description>
        <optional>true</optional>
        <type>rstring</type>
        <cardinality>1</cardinality>
      </parameter>
      <parameter>
        <name>encodedPassword</name>
        <description>Boolean to tell if password is encoded</description>
        <optional>true</optional>
        <type>boolean</type>
        <cardinality>1</cardinality>
      </parameter>
    </parameters>
    <inputPorts/>
    <outputPorts>
      <outputPortSet>
        <description>Output where submissions describing the files downloaded by this operator are passed</description>
        <windowPunctuationOutputMode>Free</windowPunctuationOutputMode>
        <windowPunctuationInputPort>-1</windowPunctuationInputPort>
        <cardinality>1</cardinality>
        <optional>false</optional>
      </outputPortSet>
    </outputPorts>
  </javaOperatorModel>
</operatorModel>